valeryz,valeriy.zamaraiev
ali-dfinity,alipiccioni-dfinity
marko-k0,marko.kosmerl
pikajude,jude.taylor
wcannon,william.cannon1
samuelburri,samuelburri-dfinity
ielashi,islam.elashi
bogwar,bogdan.warinschi1
akhi3030,akhi30301
ulan,ulan.degenbaev
dsarlis,dimitrios.sarlis
AlexandraZapuc,alexandra.zapuc
manudrijvers,manud
IvanMalison,ivan.malison
egeyar,egeyar.bagcioglu
rsubramaniyam,rahul.subramaniyam
stefan-at-dfinity,danielstefan.dietiker
jwiegley,john362
qj-yu,qijing.yu
marcin-dziadus,marcin.dziadus
JensGroth,jens30
dubovitskaya,dubovitskaya1
rsundar01,raghav.sundaravaradan
Daniel-Bloom-dfinity,daniel.bloom1
rumenov,rostislav.rumenov
janeshchhabra,janesh.chhabra
yotamhc,yotam.harchol
THLO,thomas.locher
Sawchord,leon.tan1
dralves,dralves1
eust-dfinity,maciej.kot1
ShuoWangNSL,shuo.wang1
alin-at-dfinity,alin.sinpalean
derlerd-dfinity,david647
khushboo-dfn,khushboo6
Dfinity-skaestle,stefan.kaestle
rrkapitz,ruediger.kapitza
dfkiranj,kiran.joshi
khushboo-dfn,khushboo6
liv-io,livio.kopp
robin-kunzler,robin.kunzler
przydatek,bartosz.przydatek
zanebeckwith,zane.beckwith
randombit,jack.lloyd
luismompohanden,luis195
LittleChimera,luka.skugor
rstout,ryan.stout
ianblenke,ianblenkedfinity
ryan-a-morrison,ryan.morrison
jeff-anderson-dfinity,jeffrey.anderson1
g5paul,george.paul
nithalak,anton.astafiev
Avi-D-coder,avi.dessauer
ConnorMatza,connor.matza
granstrom,granstrom1
blynn,ben356
hcbdfinity,helge.bahmann
gneven,gregoryneven
nzoghb,nicolas.zoghb
andreacerulli,andrea-dfinity
joeodfinity,joseph.orthoefer
geekmush,sam.howard1
anandsuresh,dfinity-anandsuresh
jancamenisch,jan50
andrew-lee-work,andrew.lee2
farazshaikh,faraz.shaikh
bitdivine,max235
